{
    "base_name": "IMU",
    "camera_calibrations": [
        {
            "camera_name": "CAMERA_LEFT",
            "extrinsics": {
                "pose_base_in_sensor": {
                    "rotation": {
                        "w": 0.71201029,
                        "x": 0.0071562868,
                        "y": -0.0093913816,
                        "z": -0.70206975
                    },
                    "translation": {
                        "x": 0.06770916265557728,
                        "y": -0.0171794989127015,
                        "z": -0.0007220296946785116
                    }
                }
            },
            "intrinsics": {
                "camera_model": "FISHEYE",
                "cx": 365.9886779785156,
                "cy": 248.91065979003906,
                "distortion_coef": [
                    -0.0048055690713226795,
                    0.027415581047534943,
                    -0.03537150099873543,
                    0.016348160803318024
                ],
                "fx": 460.8532409667969,
                "fy": 459.57354736328125,
                "height": 480,
                "width": 752
            }
        },
        {
            "camera_name": "CAMERA_RIGHT",
            "extrinsics": {
                "pose_base_in_sensor": {
                    "rotation": {
                        "w": 0.71125524,
                        "x": 0.0025853857,
                        "y": -0.01484531,
                        "z": -0.70277231
                    },
                    "translation": {
                        "x": -0.04234753329953444,
                        "y": -0.016798830118653067,
                        "z": -0.00086042638859552
                    }
                }
            },
            "intrinsics": {
                "camera_model": "FISHEYE",
                "cx": 379.50103759765625,
                "cy": 255.62709045410156,
                "distortion_coef": [
                    0.0039904979057610035,
                    0.0017300783656537533,
                    -0.003606310812756419,
                    0.0033853754866868258
                ],
                "fx": 459.4384460449219,
                "fy": 458.10186767578125,
                "height": 480,
                "width": 752
            }
        }
    ]
}